Problema,Clase
Amparo tiene 5 lapices y le da 2 a Israel ¿Cuántas le quedan?,Cambio
Ana pesaba 22 kilos y ha engordado 7 kilos ¿Cuánto pesa ahora?,Cambio
Ana y su hermana tenían ahorrados 5050 euros. Se han gastado 2000 euros . ¿Cuánto dinero les queda?,Cambio
"Andrés tenía 14 tazos. Después de jugar ha reunido 18. ¿Cuántos ha
ganado?",Cambio
"Andrés tenía 14 tazos. Después de jugar le quedan sólo 8 tazos.
¿Cuántos ha perdido?",Cambio
"Antonio tenía en su hucha 500 euros. En su santo se ha gastado 50
euros. ¿Cuánto dinero tiene ahora en la hucha?",Cambio
"Antonio tenía en su hucha 8 euros. Después de su comunión, metió
otros 12 euros. ¿Cuánto dinero tiene ahora en la hucha ?",Cambio
"Antonio tenía en su hucha 8 euros. En su cumpleaños se ha gastado 5
euros. ¿Cuánto dinero tiene ahora en la hucha?",Cambio
"Beatriz tiene 20 regalices si se come 5 regalices. 
¿Cuántos regalices le quedan a Beatriz por comer?",Cambio
"Beatriz tiene 5 caramelos, si se come 3 caramelos.
¿Cuántos caramelos le quedan a Beatriz por comer?",Cambio
"Belén tiene 17 chicles, da algunos a Pablo y le quedan 5. ¿ Cuántos
chicles dio a Pablo?",Cambio
"Belén tiene 20 caramelos, da algunos a Pablo y le quedan 10. ¿ Cuántos
caramelos dio a Pablo?",Cambio
"Carmen salió de casa con 9 canicas, ganó 2 en el colegio. ¿Con cuántas volvió a casa?",Cambio
"Carmen salió de casa con 9 tazos, ganó 2 en el colegio. ¿Con cuántas volvió a casa?",Cambio
"De una granja partió un camión con 15300 huevos y llegaron al almacén
11200 huevos sin romper. ¿Cuántos huevos se rompieron por el camino?",Cambio
"De una granja partió un camión con 16300 huevos y llegaron al almacén
12300 huevos sin romper. ¿Cuántos huevos se rompieron por el camino?",Cambio
En el año 1403 comenzaron las obras de la catedral de Sevilla y la terminaron en el año 1506 ¿Cuántos años duraron las obras?,Cambio
En el año 1492 comenzaron las obras de la catedral de Granada y la terminaron en el año 1550 ¿Cuántos años duraron las obras?,Cambio
"En el colegio hay 20 niños jugando y
llegan 10 más. ¿Cuántos niños hay en
total?",Cambio
"En el parque hay 8 niños jugando y
llegan 4 más. ¿Cuántos niños hay en
total?",Cambio
"En la mesa donde va a comer la familia de
Alba hay 10 platos y Alba pone 3 platos más.
¿Cuántos vasos hay en total sobre la mesa?",Cambio
"En la mesa donde va a comer la familia de
Tomás hay 5 vasos y Tomás pone 2 vasos más.
¿Cuántos vasos hay en total sobre la mesa?",Cambio
En un autobús había 15 personas. Se bajaron 8 personas. ¿Cuántas personas quedaron en el autobús?,Cambio
"En un autobús van pasajeros de viaje y en una estación suben 32 pasajeros. Al
final del viaje 58 pasajeros. ¿Cuántos pasajeros iban al principio del viaje?",Cambio
"En un autobús van pasajeros de viaje y en una estación suben 52 pasajeros. Al
final del viaje 68 pasajeros. ¿Cuántos pasajeros iban al principio del viaje?",Cambio
En un autobús viajan varias personas. Se bajan 22 y se quedan 35 viajeros. ¿Cuántas personas viajaban en el autobús?,Cambio
En un autobús viajan varias personas. Se bajan 32 y se quedan 45 viajeros. ¿Cuántas personas viajaban en el autobús?,Cambio
"En un concurso de comedores de flanes se prepararon 2315 flanes. Si
se los veinticinco concursantes se comieron 1891 flan. ¿Cuántos
flanes sobraron?",Cambio
"En un concurso de comedores de mousses de chocolate se prepararon 2300 mousses. Si
se los veinticinco concursantes se comieron 1200 mousses. ¿Cuántos
flanes sobraron?",Cambio
En un taller arreglaron varios camiones la semana pasada y esta semana han reparado 30 más. Si en total han reparado 65 camiones. ¿Cuántos camiones repararon la semana pasada?,Cambio
En un taller de coches arreglaron varios coches la semana pasada y esta semana han reparado 23 más. Si en total han reparado 45 coches. ¿Cuántos coches repararon la semana pasada?,Cambio
En un tren había 150 personas. Se bajaron 80 personas. ¿Cuántas personas quedaron en el autobús?,Cambio
"En una biblioteca muchos libros, si reciben una donación de 342
libros más, tendrán 28902 libros en total. ¿Cuántos
libros tenían al principio?",Cambio
"En una biblioteca muchos libros, si reciben una donación de 400 libros más, tendrán 30000 libros en total. ¿Cuántos
libros tenían al principio?",Cambio
"En una carnicería han hecho 318 kilos de hamburguesas y les han sobrado
solamente 18 kilos. ¿Cuántos kilos de hamburguesas han vendido?",Cambio
"En una carnicería han hecho 328 kilos de chorizo y les han sobrado
solamente 28 kilos. ¿Cuántos kilos de chorizo han vendido?",Cambio
En una carrera tomaron la salida 200 corredores. Si llegaron a la meta 190 corredores. ¿Cuántos corredores abandonaron la carrera?,Cambio
En una carrera tomaron la salida 229 corredores. Si llegaron a la meta 206 corredores. ¿Cuántos corredores abandonaron la carrera?,Cambio
"En una heladería han preparado helado con 3500 litros de leche. Si
quedan 55 litros, ¿cuántos litros de helado han vendido?",Cambio
"En una heladería han preparado leche merengada con 2500 litros de leche. Si
quedan 45 litros, ¿cuántos litros de leche merengada han vendido?",Cambio
En una tienda había 1000 camisas. Si quedan 311. ¿Cuántas han vendido?,Cambio
En una tienda había 1200 vestidos. Si quedan 320. ¿Cuántas han vendido?,Cambio
"En una vía del tren se han colocado 200 metros de vías de hierro. La
vía entera debe tener 2000 km . ¿Cuántos km de vá faltan por colocar?",Cambio
"En una vía del tren se han colocado 272 metros de vías de hierro. La
vía entera debe tener 1422 km . ¿Cuántos km de vá faltan por colocar?",Cambio
"Héctor tiene algunos caramelos y le dan dos más. Tiene entonces 7
caramelos . ¿Cuántos caramelos tenía al principio?",Cambio
"Hugo tiene algunos chicles y le dan 2 más. Tiene entonces 10
caramelos . ¿Cuántos caramelos tenía al principio?",Cambio
Jaime tenía 20 cromos y compró 15 más. ¿Cuántos cromos tiene ahora?,Cambio
Jaime tenía 20 pegatinas y compró 15 más. ¿Cuántos pegatinas tiene ahora?,Cambio
Javier ha leído un libro que tiene 432 páginas. Por la noche leyó 110. ¿Cuántas páginas ha leído Javier?,Cambio
"Juan después de que le regalen 25 cromos más, tiene 112 en total. ¿Cuántos cromos tenía al principio?.",Cambio
"Juan después de que le regalen 25 pegatinas más, tiene 120 en total. ¿Cuántos cromos tenía al principio?.",Cambio
Juan ha plantado 693 rosales y 248 margaritas. Se le han secando 230 rosales. ¿Cuántos rosales le quedan en el huerto?,Cambio
Juan se gastó cuatro euros y ahora le quedan siete. ¿Cuánto dinero tenía al principio?,Cambio
"Juan tenía 20 monedas después de jugar ha reunido 30. ¿Cuántos ha
ganado?",Cambio
"Jugando he ganado 7 canicas, y ahora tengo 11. ¿Cuántas canicas
tenía antes de empezar a jugar?",Cambio
"Jugando he ganado 7 tazos, y ahora tengo 11. ¿Cuántas tazos
tenía antes de empezar a jugar?",Cambio
"Jugando he perdido 7 canicas, y ahora me quedan 4. ¿Cuántas canicas
tenía antes de empezar a jugar?",Cambio
"Jugando he perdido 7 tazos, y ahora me quedan 4. ¿Cuántas tazos
tenía antes de empezar a jugar?",Cambio
Julia ha leído una revista que tiene 512 páginas. Por la noche leyó 200. ¿Cuántas páginas ha leído Julia?,Cambio
Juliana pesaba 60 kilos y ha engordado 10 kilos ¿Cuánto pesa ahora?,Cambio
Julio tenía 28 bolsas de chucherías. Repartió 22 bolsas en la clase. ¿Cuántas bolsas de chucherías le quedan?,Cambio
Julio tenía 40 bolsas de gominolas. Repartió 12 bolsas en la clase. ¿Cuántas bolsas de gominolas le quedan?,Cambio
"La vuelta ciclista a España dura 21días y ha recorrido hasta hoy, 2353 km. El total de km de la vuelta es de 3251 km.
¿Cuántos km le faltan por recorrer a los ciclistas para acabar la vuelta?",Cambio
"La vuelta ciclista a España dura 21días y ha recorrido hasta hoy, 4000 km. El total de km de la vuelta es de 5000 km.
¿Cuántos km le faltan por recorrer a los ciclistas para acabar la vuelta?",Cambio
Loreto tiene 10 cromos. Le dan 6. ¿Cuántos tiene ahora?,Cambio
Loreto tiene 9 cromos. Le dan 6. ¿Cuántos tiene ahora?,Cambio
Lourdes tiene 5 bolas y le da 2 a Israel ¿Cuántas le quedan?,Cambio
Luis ha pegado en su álbum de artistas 120 cromos y le faltan 18 para acabarlo. ¿Cuántos cromos tiene el álbum?,Cambio
Luis ha pegado en su álbum de futbolistas 125 cromos y le faltan 38 para acabarlo. ¿Cuántos cromos tiene el álbum?,Cambio
"Manolo compra pasteles. Se come 15 y le quedan 12 pasteles. ¿Cuántos pasteles ha
comprado?",Cambio
María se gastó 19 euros y ahora le quedan 2. ¿Cuánto dinero tenía al principio?,Cambio
"Marta tiene algunos rotuladores . Da 10 a Jorge y le quedan 5
rotuladores ¿Cuántos rotuladores tenía al principio?",Cambio
"Marta tiene algunos rotuladores . Da 2 a Jorge y le quedan 5
rotuladores ¿Cuántos rotuladores tenía al principio?",Cambio
"Marta y Manuel se van de vacaciones. Al contratar el viaje pagan 350
euros y aún les quedan por pagar 220 euros. ¿Cuánto les cuesta el viaje?",Cambio
"Miguel salió de casa con algunas canicas. En el patio de colegio ganó 6.
Volvió a casa con 10 ¿Con cuántas canicas salió de casa?",Cambio
"Miguel salió de casa con algunas tazos. En el patio de colegio ganó 6.
Volvió a casa con 10 ¿Con cuántas tazos salió de casa?",Cambio
"Miguel y Domi se van de vacaciones. Al contratar el viaje pagan 3500
euros y aún les quedan por pagar 2200 euros. ¿Cuánto les cuesta el viaje?",Cambio
"Montse tenía 10 pelotas antes de comenzar la clase de educación física. Al
finalizar la clase sus alumnos le dan 5 más .¿Cuántos aros tiene ahora
Monse?",Cambio
"Montse tenía 4 aros antes de comenzar la clase de educación física. Al
finalizar la clase sus alumnos le dan 5 más .¿Cuántos aros tiene ahora
Monse?",Cambio
"Pablo compra pasteles. Se come 20 y le quedan 12 pasteles. ¿Cuántos pasteles ha
comprado?",Cambio
"Pablo tiene 7 libros y le da 2 libros
a su hermana. ¿Cuántos libros le
quedan a Pablo?",Cambio
"Pablo tiene 7 revistas y le da 3 revistas 
a su hermana. ¿Cuántos libros le
quedan a Pablo?",Cambio
"Paco tiene 1,534 euros y le han tocado 2,327 euros en la lotería. ¿Cuántos euros tiene Paco ahora?",Cambio
"Paco tiene una colección de 143 cromos y su primo le da 45
más. ¿Cuántos sellos tiene ahora la colección de Paco?",Cambio
"Paco tiene una colección de 143 sellos y su primo le da 42
más. ¿Cuántos sellos tiene ahora la colección de Paco?",Cambio
"Paco tiene una colección de pegatinas y su abuelo le ha regalado 15 más, así que ahora
tiene 515 pegatinas. ¿Cuántas pegatinas tenía al principio?",Cambio
"Paco tiene una colección de sellos y su abuelo le ha regalado 15 más, así que ahora
tiene 496 sellos. ¿Cuántos sellos tenía al principio?",Cambio
"Para pagar un álbum de cromos de 90 céntimos, Sara entrega una moneda de un 1. ¿Cuánto le devuelven?",Cambio
"Para pagar un álbum de pegatinas de 1,50 euros, Sara entrega una moneda de un 2. ¿Cuánto le devuelven?",Cambio
Pedro y su hermana tenían ahorrados 3050 euros. Se han gastado 1000 euros . ¿Cuánto dinero les queda?,Cambio
"Pepe tenía 50 monedas Después de jugar le quedan sólo 10 monedas.
¿Cuántos ha perdido?",Cambio
"Pepe tenía en su hucha 40 euros. Después de su comunión, metió
otros 50 euros. ¿Cuánto dinero tiene ahora en la hucha ?",Cambio
"Raquel tiene 15 boligrafos ¿Cuántos más necesitará para tener 25 en
total?",Cambio
"Raquel tiene 15 lapiceros ¿Cuántos más necesitará para tener 17 en
total?",Cambio
"Raúl compra un bolígrafo con 1 euro. Si le devuelven 0,2 c. ¿Cuánto le ha costado el bolígrafo?",Cambio
"Raúl compra un lapiz con 1 euro. Si le devuelven 0,3 c. ¿Cuánto le ha costado el bolígrafo?",Cambio
Roberto ha jugado dos partidas a las canicas. En la primera perdió cuatro canicas y en la segunda tres. ¿Cuantas canicas ha perdido?,Cambio
Roberto ha jugado dos partidas a las tazos. En la primera perdió cuatro tazos y en la segunda tres. ¿Cuantas tazos ha perdido?,Cambio
Rosa ha plantado 693 lavandas y 248 claveles. Se le han secando 230 claveles. ¿Cuántos claveles le quedan en el huerto?,Cambio
"Se han colocado 483 piezas de un puzle y quedan por colocar
230 piezas. ¿Cuántas piezas tiene el puzzle?",Cambio
"Se han colocado 750 piezas de un puzle y quedan por colocar
250 piezas. ¿Cuántas piezas tiene el puzzle?",Cambio
"Si ahora tengo 18 años, ¿cuánto tiempo debe pasar para que tenga 52?",Cambio
Si ahora tengo 28 años. ¿Cuántos tendré dentro de 19 años?.,Cambio
"Si ahora tengo 8 años, ¿cuánto tiempo debe pasar para que tenga 32?",Cambio
Si ahora tengo 8 años. ¿Cuántos tendré dentro de 16 años?.,Cambio
"Si estaban jugando a las peonzas tres amigos y después
vinieron dos amigos más, ¿cuántos amigos acabaron jugando
a las peonzas?",Cambio
"Si estaban jugando a los tazos 6 amigos y después
vinieron 2 amigos más, ¿cuántos amigos acabaron jugando
a los tazos?",Cambio
"Sofia tiene 3,000 euros y le han tocado 5,000 euros en la lotería. ¿Cuántos euros tiene Sofía ahora?",Cambio
Tengo 3 caramelos. Compro otros 4. ¿Cuantos caramelos tengo?,Cambio
Tengo 3 galletas. Compro otras 4. ¿Cuantas galletas tengo?,Cambio
Un agricultor tenía 30 sacos de patatas y vendió 27. ¿Cuántos sacos le quedaron?,Cambio
Un agricultor tenía 40 sacos de manzanas y vendió 10. ¿Cuántos sacos le quedaron?,Cambio
"Un árbol tiene 42 kilos de manzanas. Si el dueño recoge caen 25 kilos de
manzanas. ¿Cuántos kilos de manzanas quedan en el árbol?",Cambio
"Un árbol tiene 42 kilos de peras. Si el dueño recoge caen 25 kilos de
peras. ¿Cuántos kilos de peras quedan en el árbol?",Cambio
Un barco lleva navegando 203 millas en quince días y deberá navegar 300 más hasta llevar al puerto. ¿Cuántas millas habrá navegado cuando llegue al puerto?,Cambio
Un barco transporta 10 contenedores de mercancías. Atraca en un puerto para cargar 7 más y luego prosigue su travesía. ¿Cuántos contenedores hay en el barco después de zarpar?,Cambio
Un barco transporta 15 contenedores de mercancías. Atraca en un puerto para cargar 10 más y luego prosigue su travesía. ¿Cuántos contenedores hay en el barco después de zarpar?,Cambio
"Un cartero reparte 282 cartas y 50 paquetes, pero le faltan por
repartir 78 cartas. ¿Cuántas cartas llevaba en la cartera antes de repartir?",Cambio
"Un cartero reparte 290 cartas y 52 paquetes, pero le faltan por
repartir 82 cartas. ¿Cuántas cartas llevaba en la cartera antes de repartir?",Cambio
"Un corredor corrió la semana pasada varios kilómetros y esta semana lleva 15 km
más. Si al final de semana ha recorrido 74 Km. ¿Cuántos Km. realizó la semana pasada?",Cambio
"Un corredor corrió la semana pasada varios kilómetros y esta semana lleva 20 km
más. Si al final de semana ha recorrido 100 Km. ¿Cuántos Km. realizó la semana pasada?",Cambio
"Un jardinero plantó por la mañana flores y por la tarde 43 más, de manera que
plantó durante todo el día 87 flores. ¿Cuántas flores plantó por la mañana?",Cambio
"Un jardinero plantó por la mañana tulipanes y por la tarde 40 más, de manera que
plantó durante todo el día 90 tulipanes ¿Cuántas tulipanes plantó por la mañana?",Cambio
Un marinero pescó 400 kilos de jureles y ha vendido 120 kilos. ¿Cuántos kilos de sardinas le quedan?,Cambio
Un marinero pescó 450 kilos de sardinas y ha vendido 320 kilos. ¿Cuántos kilos de sardinas le quedan?,Cambio
Un panadero ha vendido 100 palmeras de las 200 que tenía. ¿Cuántas le quedan por vender?,Cambio
Un panadero ha vendido 45 barras de pan de las 130 que tenía. ¿Cuántas le quedan por vender?,Cambio
"Un televisor que costaba 835 euros, en las rebajas puede comprarse
por 699 euros. ¿Cuánto dinero lo han rebajado?",Cambio
Un tren ha realizado varios kilómetros hasta una estación y todavía le faltan 128 kilómetros para llegar a su destino. Si el trayecto entero tiene 600 kilómetros. ¿Cuántos kilómetros ha hasta la primera estación?,Cambio
Un tren ha realizado varios kilómetros hasta una estación y todavía le faltan 328 kilómetros para llegar a su destino. Si el trayecto entero tiene 595 kilómetros. ¿Cuántos kilómetros ha hasta la primera estación?,Cambio
un trozo de pollo pesa 500 gramos. ¿Cuánto le falta para pesar tres cuartos de kilo?,Cambio
Un trozo de queso pesa 325 gramos. ¿Cuánto le falta para pesar tres cuartos de kilo?,Cambio
Un velero lleva navegando 203 millas en quince días y deberá navegar 500 más hasta llevar al puerto. ¿Cuántas millas habrá navegado cuando llegue al puerto?,Cambio
Una bolsa de cacahuetes pesa 780 gramos. ¿Cuánto le falta para un kilo?,Cambio
Una bolsa de pipas pesa 800 gramos. ¿Cuánto le falta para un kilo?,Cambio
Una pastelería ha vendido varias tardas por la mañana y por la tarde ha vendido 36 tartas. Al final del día han vendido 70 tartas. ¿Cuántas vendieron por la mañana?,Cambio
Una pastelería ha vendido varias tartas por la mañana y por la tarde ha vendido 40 tartas. Al final del día han vendido 100 tartas. ¿Cuántas vendieron por la mañana?,Cambio
"Unos albañiles tienen que poner 4025 ladrillos para
hacer un muro. Si ya han puesto 3620.
¿Cuántos ladrillos les quedan por colocar?",Cambio
"Unos albañiles tienen que poner 5000 ladrillos para
hacer un muro. Si ya han puesto 3200.
¿Cuántos ladrillos les quedan por colocar?",Cambio
"Unos turistas han visitado la Alhambra 320 han ido primero al Generalife y
713 han entrado en el palacio. ¿Cuántos turistas han visitado la alhambra?",Cambio
"Unos turistas han visitado la Alhambra 325 han ido primero al Generalife y
780 han entrado en el palacio. ¿Cuántos turistas han visitado la alhambra?",Cambio
"Luis ha colado 8 goles jugando al futbol y Pedro 2 - ¿Cuántos goles metió Luis más
que Pedro?",Comparación
Para hacer unas tartas el pastelero han necesitado 94 kilos de harina y 26 de azúcar. ¿Cuántos kilos más de harina que de azúcar se han usado?,Comparación
En una granja sembraron 182 semillas de tomate y 242 de pimientos. ¿Cuántas semillas de pimientos más que de tomate se sembraron?,Comparación
"Pablo ha encestado 58 puntos al baloncesto, mientras que Miguel ha encestado 27 ¿Cuántos puntos más ha encestado Pablo que Miguel?",Comparación
"En el supermercado se han vendió 183 kilos de fruta, y 245 kilos de verduras. ¿Cuántos kilos más de verdura que de fruta se han vendido?",Comparación
"Un libro de aventuras tiene 431 páginas y 35 dibujos.
Otro libro de terror tiene 256 páginas y 50 dibujos. ¿Cuántas
páginas más tiene el libro de aventuras que el libro de terror?",Comparación
"Una ciudad hay 8315 aficionados del equipo de futbol de los leones
y 3233 del equipo de los panteras. ¿Cuántos aficionados más de
los leones que de los panteras hay?",Comparación
Álvaro tiene un álbum con 512 cromos de pokemon y otro con 620 cromos de futbol. ¿Cuántos cromos de futbol tiene más que de pokemon?,Comparación
El Mulhacén alcanza una altura de 3478 metros sobre el nivel del mar. El Pico del Veleta mide 83 metros menos que el Mulhacén. ¿Sabrías decir cuál es su altura?,Comparación
El colegio está a 589 metros de mi casa. El supermercado está 25 metros más cerca que el colegio. ¿A qué distancia está el supermercado?,Comparación
Juan tiene 12 años. Raúl tiene 3 años menos que Juan. ¿Cuántos años tiene?,Comparación
Un camión con su carga ha alcanzado los 4788 kg. Un coche es 3431 kg menos pesado que el camión. ¿Cuál es su peso?,Comparación
Un elefante adulto pesa alrededor de 5500 kg. Una jirafa es 1000 kg más ligera que el elefante. ¿Cuánto pesa una jirafa?,Comparación
Ramón y su amigo Pedro están viendo su colección de cromos. Ramón tiene 235 y Pedro 512 ¿Cuántos cromos menos tiene Ramón que Pedro?,Comparación
"En una competición de dardos, Luís ha hecho 386 puntos y Jaime
228 puntos. ¿Cuántos puntos menos ha hecho Jaime que Luís?",Comparación
"En una pastelería hacen cada día 4500 pasteles de nata y 2822 de chocolate. ¿Cuántos pasteles de chocolate menos que de nata
hacen?",Comparación
"Un barco pesquero ha capturado 6000 kilos de sardinas y 830 kilos de
bacalao. ¿Cuántos kilos de sardinas menos que de bacalao han capturado?",Comparación
"En una carnicería se vendió 26 morcillas, 11 chorizos picantes y 8 chorizos
sin pique. ¿Cuántos chorizos sin picante menos qué chorizos picantes se vendió?",Comparación
La mesa del maestro mide 135 centímetros y la del alumno mide 70 centímetros. ¿Cuántos centímetros menos mide la mesa del alumno que la del maestro?,Comparación
"Una novela de aventuras tiene 381 páginas y otro de cuentos tiene
273 páginas. ¿Cuántas páginas menos tiene el libro de cuentos que el
de aventuras?",Comparación
"A la playa han ido este fin de semana 4539 personas y a la
montaña 1234 personas. ¿Cuántas personas menos han ido a la montaña que a la playa?",Comparación
María ha ahorrado 37 euros y su hermano Juan ha ahorrado 76 euros. ¿Cuántos euros menos ha ahorrado María que su hermano Juan?,Comparación
"Eva tiene 145 sellos y su amiga Remedios 25 sellos más que
ella. ¿Cuántos sellos tiene Remedios?",Comparación
"En una carrera ciclista se han apuntado 333 chicas y 47
chicos más que chicas. ¿Cuántos chicos hay en la carrera?",Comparación
"En una carnicería se han vendido este mes 6300 kilos de chuletas más que el
mes pasado. Si el mes pasado vendieron 8500 kilos de chuletas. ¿Cuántos de
kilos de chuletas se han vendido este mes?",Comparación
"En un equipo de futbol hay 12 niñas y 6 niños más que niñas. ¿Cuántos niños hay en
el equipo?",Comparación
"A Mario le han regalado 8 juguetes. A María le han regalado 5 juguetes más.
¿Cuántos juguetes le regalaron ha regalado a María?",Comparación
"Una obra de teatro ha recaudado el día del estreno 572 euros y el segundo día 325 euros más. ¿Cuántos euros recaudaron el segundo día de
la función de teatro?",Comparación
"Esther tiene 28 años e Irene tiene 5 años más que ella. ¿Cuántos años tienen
Irene?",Comparación
"Un helicóptero tarda 19 minutos en cruzar el mar de Algeciras a Ceuta y un barco
tarda 28 minutos más. ¿Cuánto tarda el barco en cruzar?",Comparación
En una panadería han hecho 250 arras de pan integral y 132 más de pan blanco. ¿Cuántas barras de pan blanco han hecho?,Comparación
"Ana tiene cinco caramelos. Juan tiene dos caramelos menos que Ana.
¿Cuántos caramelos tiene Juan?",Comparación
En un parque infantil hay 12 niñas y 3 niños menos que niñas. ¿Cuantos niños y niás hay en total en el parque?,Comparación
"Ester tiene 8 euros. Irene tiene 5 euros más que ella. ¿Cuánto dinero tiene
Irene?",Comparación
La casa de Aurora tiene 15 ventanas. Mi casa tiene 9 ventanas. ¿Cuántas ventanas más que la mía tiene su casa?,Comparación
"La casa de Aurora tiene 9 ventanas, la mía 15. ¿Cuántas ventanas menos que la mía tiene su casa?",Comparación
"Mi casa tiene 9 ventanas, la de Aurora tiene 6 más que la mía. ¿Cuántas ventanas tiene la casa de Aurora?",Comparación
"Mi casa tiene 15 ventanas, la de Aurora tiene 6 menos que la mía. ¿Cuántas ventanas tiene su casa?",Comparación
"Mi casa tiene 15 ventanas, que son 6 ventanas más que las que tiene la casa de Aurora. ¿Cuántas ventanas tiene la casa de Aurora?",Comparación
"Mi casa tiene 9 ventanas, que son 6 menos que las de la casa de Aurora. ¿Cuántas ventanas tiene su casa?",Comparación
"Jorge tiene 8 cromos y Pedro 32. ¿Cuántos cromos tiene Pedro más que
Jorge?",Comparación
"Marcos tiene 37 euros. Raquel tiene 12 euros. ¿Cuántos euros menos que
Marcos tiene Raquel?",Comparación
"Marcos tiene 8 euros. Raquel tiene 5 euros. ¿Cuántos euros más que Raquel
tiene Marcos?",Comparación
"María tiene tres caramelos y Pedro tiene cinco. ¿Cuántos caramelos tiene
Pedro más que María?",Comparación
"Miquel tiene 35 cromos. Anna tiene 17 cromos más que Miquel. ¿Cuántos
cromos tiene Anna?",Comparación
"Rosa tiene 17 euros, y tiene 5 euros más que Carlos. ¿Cuántos euros tiene
Carlos?",Comparación
"Rosa tiene 17 euros, y tiene 5 euros menos que Carlos. ¿Cuántos euros tiene
Carlos?",Comparación
"Luis y Carmen han ido de pesca. Luis ha pescado 4 peces menos que su hermana
Julia. Si Julia ha pescado 13 peces, ¿cuántos pescó Luis?",Comparación
"Manuel ha realizado un salto de 182 centímetros, y Juan 8 centímetros menos que Manuel ¿Cuántos centímetros saltó Juan?",Comparación
"David recogió 19 kilos de naranjas y Diego recogió 3 kilos de naranjas menos
que David. ¿Cuántos kilos de naranjas recogió Diego?",Comparación
"Rafa ha corrido 5590 metros y Manuel 152
metros menos ¿Cuántas metros ha recorrido Manuel?",Comparación
"Javier tiene 15 años y su hermano Pedro tiene 4 años menos. ¿Cuántos años tiene
Pedro?",Comparación
Ramón y su amigo Marta están viendo su colección de cromos. Ramón tiene 250 cromos y Marta 20 menos ¿Cuántos cromos tiene Marta?,Comparación
"En una competición de baloncesto, Luís ha hecho 86 puntos y Jaime 28 puntos menos. ¿Cuántos puntos ha hecho Jaime?",Comparación
"En una pizzería hacen cada día 507 pizzas de queso y 82 menos de
atún. ¿Cuántas pizzas de atún hacen?",Comparación
"Un barco pesquero ha capturado 6000 kilos de sardinas y 3500 kilos menos
de boquerones. ¿Cuántos kilos de boquerones han capturado?",Comparación
"En un colegio hay 348 niños y niñas. Si hay 45 niñas
más que niños. ¿Cuántos niños hay en el colegio?",Comparación
"Silvia tiene 17 euros, 5 euros más que Carlos. ¿Cuántos euros tiene Carlos?",Comparación
"Un autobús tarde 95 minutos en realizar un trayecto, 30 más de lo que
tarda un coche. ¿Cuánto tarda el coche en hacer el mismo trayecto?",Comparación
"En una Universidad hablan inglés 4340 estudiantes.
Hablan 2400 más que el alemán y 1500 más que el francés.
¿Cuántos estudiantes hablan alemán?",Comparación
"Un edificio tiene 356 ventanas y viven en el 547 personas. Tiene doscientas noventa ventanas más que el edificio de enfrente. ¿Cuántas
ventanas tiene el edificio de enfrente?",Comparación
El pescadero vende 247 kilos de sardinas y 198 kilos más que de boquerones ¿Cuántos kilos de boquerones vende?.,Comparación
"Juan es capaz de correr 3550 metros en diez minutos,550 metros más que su hermano Ramón. ¿Cuántos metros corre su hermano Ramón?",Comparación
"Una panadería vendió ayer 592 euros de pan, y 25 euros
más que hoy. ¿Cuántos euros de pan ha vendido hoy?",Comparación
"Esther tiene 38 años, 12 años más que su hija Marina. ¿Cuántos años tienen
Marina?",Comparación
"Un coche recorre 1195 kilómetros con el depósito lleno, 128 menos de los que recorrerá un autobús. ¿Cuántos kilómetros recorrerá el
autobús?",Comparación
"Mi madre tiene 37 años, 6 menos que mi padre. ¿Cuántos años tiene de mi
padre?",Comparación
"El camión de la empresa “La Joya” lleva 227 toneladas de cemento,
23 menos que el camión de la empresa “El Diamante”. ¿Cuántas toneladas de cemento lleva el camión de la empresa “El Diamante”.?",Comparación
Un barco pesquero ha capturado 5360 kilos de sardinas y 867 kilos de boquerones menos que de sardinas. ¿Cuántos kilos de de boquerones ha capturado el barco?,Comparación
"Una mesa cuesta 322 euros, 49 menos que un armario.
¿Cuánto cuesta el armario?",Comparación
"En una vasija echamos 2,5 litros de agua, un 1,25 menos de su
capacidad. ¿De cuántos litros es la vasija?",Comparación
"A la fiesta del cumpleaños de Jaime acuden 16 niños, 3 niños menos que niña.
¿Cuántas niñas fueron a la fiesta?",Comparación
"La madre de Luis le envía a comprar a la charcutería 500 gramos de queso, y 250 gramos menos de salchichón. ¿Cuartos de gramos de salchichón tiene
que comprar?",Comparación
"En una caja de cartón caben 18 kilos de papel reciclado, 4 kilos menos que en una caja de plástico. ¿Cuántos kilos de papel reciclado caben en la caja de plástico?",Comparación
"Pedro ha marcado 10 goles jugando al futbol y Pedro 5 - ¿Cuántos goles metió Luis más
que Pedro?",Comparación
Para hacer unas tartas el repostero han necesitado 100 kilos de harina y 20 de azúcar. ¿Cuántos kilos más de harina que de azúcar se han usado?,Comparación
En un huerto 150 semillas de pimientos rojos y 250 de pimientos verdes. ¿Cuántas semillas de pimientos verdes más que de pimientos rojos se sembraron?,Comparación
"Javier ha encestado 100 puntos al baloncesto, mientras que Miguel ha encestado 30 ¿Cuántos puntos más ha encestado Javier que Miguel?",Comparación
"Un libro de aventuras tiene 450 páginas y 36 dibujos.
Otro libro de terror tiene 250 páginas y 52 dibujos. ¿Cuántas
páginas más tiene el libro de aventuras que el libro de terror?",Comparación
"Una ciudad hay 8800 aficionados del barca
y 3000 al real madrid. ¿Cuántos aficionados más del barca que del real madrid?",Comparación
Jose tiene un álbum con 600 cromos de pokemon y otro con 320 cromos de futbol. ¿Cuántos cromos de futbol tiene más que de pokemon?,Comparación
El Mulhacén alcanza una altura de 5400 metros sobre el nivel del mar. El Pico del Veleta mide 90 metros menos que el Mulhacén. ¿Sabrías decir cuál es su altura?,Comparación
El instituto está a 200 metros de mi casa. El supermercado está 50 metros más cerca que el instituto. ¿A qué distancia está el supermercado?,Comparación
Jose Felix tiene 29 años. Pedro tiene 5 años menos que Jose Felix. ¿Cuántos años tiene?,Comparación
Un camión con su carga ha alcanzado los 6000 kg. Un coche es 5000kg menos pesado que el camión. ¿Cuál es su peso?,Comparación
Un elefante adulto pesa alrededor de 6000 kg. Una jirafa es 1100 kg más ligera que el elefante. ¿Cuánto pesa una jirafa?,Comparación
Ramón y su amigo Pedro están viendo su colección de pegatinas. Ramón tiene 250 y Pedro 550 ¿Cuántas pegatinas menos tiene Ramón que Pedro?,Comparación
"En una competición de dardos, Luís ha hecho 400 puntos y Jaime
150 puntos. ¿Cuántos puntos menos ha hecho Jaime que Luís?",Comparación
"En una pastelería hacen cada día 5200 pasteles de crema y 3230 de chocolate. ¿Cuántos pasteles de chocolate menos que de crema
hacen?",Comparación
En una carnicería se vendió 26 morcillas y 10 chorizos. ¿Cuántos chorizos menos qué morcilla se vendió?,Comparación
La mesa del jefe mide 150 centímetros y la del asociado mide 50 centímetros. ¿Cuántos centímetros menos mide la mesa del asociado que la del jefe?,Comparación
"Una novela de aventuras tiene 400 páginas y otro de cuentos tiene
250 páginas. ¿Cuántas páginas menos tiene el libro de cuentos que el
de aventuras?",Comparación
"A la playa han ido este fin de semana 5700 personas y a la
montaña 1500 personas. ¿Cuántas personas menos han ido a la montaña que a la playa?",Comparación
María ha ahorrado 17 euros y su hermano Pedro ha ahorrado 56 euros. ¿Cuántos euros menos ha ahorrado María que su hermano Pedro?,Comparación
"Julia tiene 70 sellos y su amiga Vera 20 sellos más que
ella. ¿Cuántos sellos tiene Vera?",Comparación
"En una carrera ciclista se han apuntado 300 chicas y 40
chicos más que chicas. ¿Cuántos chicos hay en la carrera?",Comparación
"En una carnicería se han vendido este mes 630 kilos de filetes más que el
mes pasado. Si el mes pasado vendieron 850 kilos de filetes. ¿Cuántos de
kilos de filetes se han vendido este mes?",Comparación
"En un equipo de beisbol hay 15 niñas y 5 niños más que niñas. ¿Cuántos niños hay en
el equipo?",Comparación
"Un muscial ha recaudado el día del estreno 512 euros y el segundo día 300 euros más. ¿Cuántos euros recaudaron el segundo día de
la función del musical ?",Comparación
"A Maria le han regalado 8 peluches. A Teresa le han regalado 3 peluches más.
¿Cuántos peluches le regalaron ha regalado a Teresa?",Comparación
Marta tiene 32 años y Marco tiene 3 años más que ella. ¿Cuántos años tiene Marco?,Comparación
"Un helicóptero tarda 25 minutos en cruzar el mar de Algeciras a Ceuta y un barco
tarda 38 minutos más. ¿Cuánto tarda el barco en cruzar?",Comparación
En una panadería han hecho 150 barras de pan integral y 132 más de pan blanco. ¿Cuántas barras de pan blanco han hecho?,Comparación
"Ana tiene 9 regalices. Juan tiene 3 regalices menos que Ana.
¿Cuántos regalices tiene Juan?",Comparación
En un parque infantil hay 20 niñas y 3 niños menos que niñas. ¿Cuantos niños y niñas hay en total en el parque?,Comparación
"Juliana tiene 18 euros. Ana tiene 12 euros más que ella. ¿Cuánto dinero tiene
Ana?",Comparación
La casa de Aurora tiene 15 puertas. Mi casa tiene 9 puertas. ¿Cuántas puertas más que la mía tiene su casa?,Comparación
"La casa de Aurora tiene 9 puertas, la mía 15. ¿Cuántas puertas menos que la mía tiene su casa?",Comparación
"Mi casa tiene 19 puertas, la de Aurora tiene 16 más que la mía. ¿Cuántas puertas tiene la casa de Aurora?",Comparación
"Mi casa tiene 5 puertas, la de Aurora tiene 2 menos que la mía. ¿Cuántas puertas tiene su casa?",Comparación
"Mi casa tiene 12 puertas, que son 6 puertas más que las que tiene la casa de Aurora. ¿Cuántas puertas tiene la casa de Aurora?",Comparación
"Mi casa tiene 10 puertas, que son 5 menos que las de la casa de Aurora. ¿Cuántas puertas tiene su casa?",Comparación
"Fran tiene 20 pegatinas y Pablo 30. ¿Cuántas pegatinas tiene Pablo más que
Fran?",Comparación
"Marcos tiene 57 euros. Helena tiene 22 euros. ¿Cuántos euros menos que
Marcos tiene Helena?",Comparación
"Marcos tiene 12 euros. Helena tiene 25 euros. ¿Cuántos euros más que Helena
tiene Marcos?",Comparación
"Marisa tiene tres caramelos y Luis tiene cinco. ¿Cuántos caramelos tiene
Luis más que Marisa?",Comparación
"Miquel tiene 15 cromos. Anna tiene 12 cromos más que Miquel. ¿Cuántos
cromos tiene Anna?",Comparación
"Rosa tiene 22 euros, y tiene 15 euros más que Carlos. ¿Cuántos euros tiene
Carlos?",Comparación
"Rosa tiene 27 euros, y tiene 15 euros menos que Carlos. ¿Cuántos euros tiene
Carlos?",Comparación
"Pablo y Sofía han ido de pesca. Pablo ha pescado 5 peces menos que su hermana
Julia. Si Julia ha pescado 15 peces, ¿cuántos pescó Pablo?",Comparación
"Pedro ha realizado un salto de 190 centímetros, y Juan 10 centímetros menos que Pedro ¿Cuántos centímetros saltó Juan?",Comparación
"José recogió 22 kilos de naranjas y Diego recogió 2 kilos de naranjas menos
que José. ¿Cuántos kilos de naranjas recogió Diego?",Comparación
"Luis ha corrido 5200 metros y Pedro 150
metros menos ¿Cuántas metros ha recorrido Pedro?",Comparación
"Javier tiene 22 años y su hermano Pablo tiene 3 años menos. ¿Cuántos años tiene
Pablo?",Comparación
Ramón y su amigo Sofía están viendo su colección de cromos. Ramón tiene 280 cromos y Sofía 10 menos ¿Cuántos cromos tiene Sofía?,Comparación
"En una competición de baloncesto, Luís ha hecho 186 puntos y Javier 30 puntos menos. ¿Cuántos puntos ha hecho Javier?",Comparación
"En una pizzería hacen cada día 500 pizzas de jamón y 182 menos de
atún. ¿Cuántas pizzas de atún hacen?",Comparación
"Un barco pesquero ha capturado 600 kilos de boquerones y 350 kilos menos
de jureles. ¿Cuántos kilos de jureles han capturado?",Comparación
"En una clase hay 340 niños y niñas. Si hay 40 niñas
más que niños. ¿Cuántos niños hay en la clase?",Comparación
"Silvia tiene 27 euros, 15 euros más que Carlos. ¿Cuántos euros tiene Carlos?",Comparación
"Un autobús tarde 85 minutos en realizar un trayecto, 20 más de lo que
tarda un coche. ¿Cuánto tarda el coche en hacer el mismo trayecto?",Comparación
"En una Universidad hablan inglés 4000 estudiantes.
Hablan 2500 más que el alemán y 1200 más que el francés.
¿Cuántos estudiantes hablan alemán?",Comparación
"Un edificio tiene 350 ventanas y viven en el 540 personas. Tiene 290 ventanas más que el edificio de enfrente. ¿Cuántas
ventanas tiene el edificio de enfrente?",Comparación
"El pescadero vende 230 kilos de gambas y 120
kilos más que de boquerones ¿Cuántos kilos de boquerones vende?.",Comparación
"Esther tiene 62 años, 22 años más que su hija Marina. ¿Cuántos años tienen
Marina?",Comparación
"Un coche recorre 1200 kilómetros con el depósito lleno, 120 menos de los que recorrerá un autobús. ¿Cuántos kilómetros recorrerá el
autobús?",Comparación
"Mi madre tiene 42 años, 4 menos que mi padre. ¿Cuántos años tiene de mi
padre?",Comparación
"La furgoneta lleva 100 toneladas de cemento,
23 menos que el camión de la empresa ¿Cuántas toneladas de cemento lleva la furgoneta?",Comparación
Un barco pesquero ha capturado 3200 kilos de sardinas y 800 kilos de boquerones menos que de sardinas. ¿Cuántos kilos de de boquerones ha capturado el barco?,Comparación
"Una mesa cuesta 250 euros, 30 menos que un armario.
¿Cuánto cuesta el armario?",Comparación
"En una vasija echamos 3,5 litros de agua, un 1,5 menos de su
capacidad. ¿De cuántos litros es la vasija?",Comparación
"A la fiesta del cumpleaños de Jaime acuden 13 niños, 2 niños menos que niña.
¿Cuántas niñas fueron a la fiesta?",Comparación
"La madre de Pablo le envía a comprar a la charcutería 400 gramos de jamón, y 250 gramos menos de queso. ¿Cuartos de gramos de queso tiene
que comprar?",Comparación
"En una caja de cartón caben 12 kilos de papel reciclado, 3 kilos menos que en una caja de plástico. ¿Cuántos kilos de papel reciclado caben en la caja de plástico?",Comparación
"Pedro y Juan juntan las canicas que
tienen, si Pedro tiene 4 canicas y Juan
tiene 5 canicas. ¿Cuántas canicas tienen
entre los dos?",Combinación
A una romería acuden 1.369 hombres y 1.865 mujeres. ¿Cuántos hombres más deberán acudir para que haya 1.500 hombres?,Combinación
Alejandro tiene 2 euros y 30 céntimos. ¿Cuánto le falta para pagar el libro qué cuesta 3 euros y 50 céntimos?,Combinación
"Ana quiere comprar un refresco de 53 céntimos, una piruleta de 15 céntimos y una bolsa de pipas de 35 céntimos. ¿Cuánto tiene qué pagar?",Combinación
Antonio tiene 1354 euros y le han tocado 2438 euros en la lotería. ¿Cuántos euros tiene Antonio ahora?,Combinación
Antonio tiene una colección de 234 conchas y su primo le da 24 más. ¿Cuántas conchas tiene ahora la colección de Antonio?,Combinación
"Aurora se está leyendo un libro de 253 páginas. Si ya lleva leídas 128
páginas, ¿cuántas páginas le quedan por leer?",Combinación
Carlos ha vendido 65 barras de pan de las 97 que tenía. ¿Cuántas le quedan por vender?,Combinación
Carlos llevó a la fiesta 15 caramelos y Sofía 22. Calcula ¿cuántos llevaron en total?,Combinación
"De los 95 adultos, 34 son hombres y el resto mujeres ¿ Cuantas mujeres hay en la piscina?",Combinación
"Después de un día de mercado, Antonio ha vendido 46 tomates y 16 lechugas. ¿Cuántos vegetales ha vendido?",Combinación
El cartero tenía 28 cartas. Repartió 11 cartas por la mañana. ¿Cuántas cartas le quedan para repartir por la tarde?,Combinación
El perro de Marina pesaba 12 kilos y ha engordado 7 kilos ¿Cuánto pesa ahora?,Combinación
"En clase hay 15 alumnos; 4 están sentados y el resto de pié ¿ Cuántos niños
están de pié?",Combinación
En clase hay 15 alumnos; 9 son niños y el resto niñas ¿ Cuántas niñas hay?,Combinación
"En clase hay 25 alumnos y de ellos 5 son chicas, ¿cuántos chicos hay en clase?",Combinación
En el año 1.919 comenzaron ha construir un puente y lo terminaron en el año 1.942. ¿Cuántos años duraron las obras?,Combinación
"En el aula de Ciencias de un colegio hay 138 arañas, 65 mariposas y 214 minerales. ¿Cuántos animales hay en total en el aula de Ciencias?",Combinación
"En el colegio, se han apuntado 192 alumnos a clases extraescolares. 85 se han apuntado a baloncesto y el resto a fútbol ¿Cuántos alumnos se han
apuntado a fútbol?",Combinación
"En el gimnasio estaban 25 alumnos, pero 12 han salido al patio para jugar. ¿Cuántos alumnos quedan en el gimnasio?",Combinación
En el parking del supermercado hay 34 coche y si llegan 24 coches más . ¿Cuántos coches habrá ahora?,Combinación
"En el parque de atracciones, Luisa gastó 360 céntimos en la entrada, 245 céntimos en refrescos y 182 céntimos en chucherías. ¿Cuánto se gastó en total?",Combinación
En el rebaño del señor Tomás hay 35 ovejas. Si 15 ovejas son negras. ¿Cuántas ovejas blancas hay?,Combinación
En la pastelería del tío Andrés se hicieron durante el año pasado 1.230 pasteles de nata y 2.500 de chocolate. ¿De qué tipo se hicieron más? ¿Cuántos se hicieron en total?,Combinación
En la yincana Eva consiguió 48 puntos y Edu 51. ¿Cuántos puntos consiguieron entre los dos?,Combinación
"En un centro comercial, entre restaurantes y tiendas, hay 125 locales. Si 87
locales son tiendas, ¿cuántos locales son restaurantes?",Combinación
En un rebaño hay 11 ovejas y nacieron 8 corderitos. ¿Cuántos animales hay ahora en el rebaño?,Combinación
En un tren había 15 personas. Se bajaron 9 personas. ¿Cuántas personas quedaron en el tren?,Combinación
"En una caja de 28 bombones, 15 son de chocolate negro y el resto de chocolate blanco. ¿Cuántos bombones son de chocolate blanco?",Combinación
En una campaña de recogida de alimentos se han conseguido 2.346 cajas de leche y 1.538 cajas de zumo. ¿Cuántas cajas se han conseguido en total?,Combinación
"En una carrera tomaron la salida 312 corredores. Si abandonaron 87, ¿cuántos corredores llegaron a la meta?",Combinación
En una fiesta de cumpleaños hay 56 invitados. Si se van 23 invitados. ¿Cuántos invitados quedan?,Combinación
En una piscina hay 95 adultos y 78 niños. ¿Cuantas personas hay en total?,Combinación
En una urbanización se han colocado 1.363 metros de cable para la luz. Para instalar toda la luz se necesitan 8.462 metros. ¿Cuántos metros de cable faltan por colocar?,Combinación
En una valla hay 4 tablas rojas y 5 tablas verdes. ¿Cuántas tablas rojas y verdes hay en total?,Combinación
"Entre mi hermano y yo le vamos a regalar a mi padre un perfume que
cuesta 63 euros. Si mi hermano pone 31 euros, ¿cuánto tengo que poner yo?",Combinación
Hay cuatro chicos y siete chicas en un mesa. ¿Cuántas personas hay en total?,Combinación
"He comprado un libro que costaba 9 euros. He pagado con un
billete de 20 euros. ¿Cuánto dinero me han devuelto?",Combinación
"Hemos recogido 76 pelotas de tenis en el gimnasio y las hemos guardado en una caja. Todas son verdes, menos 35 que son blancas. ¿Cuántas pelotas verdes hay?",Combinación
"Jaime tiene 5 libros de misterio y 8 de aventuras. ¿Cuántos libros tiene
en total?",Combinación
"Jorge salió de casa con 9 canicas. Ganó 3 canicas en el colegio. ¿Cuántas
canicas tenía cuando volvió a casa?",Cambio
"Jorge salió de casa con algunas canicas. Perdió 4 en el colegio. Volvió a casa
con 13. ¿Cuántas canicas tenía al principio?",Cambio
Jorge tiene 7 años. ¿Qué edad tendrá dentro de 15 años?,Cambio
"Julia tiene que hacer 40 ejercicios de lengua y matemáticas para la
semana que viene. De esos ejercicios, 25 son de lengua. ¿Cuántos ejercicios son de matemáticas?",Combinación
La clase de 2º ha contado las gafas de los alumnos del colegio. Había 15 gafas azules y 4 negras. ¿Cuántas gafas hay en total?,Combinación
"La clase de 2º realiza una excursión a Salamanca, si en el autocar viajan 45 niños y niñas. ¿Cuántos niños hay si viajan 24 niñas?",Combinación
La vuelta ciclista a la comarca ha recorrido 42.564 metros y dura 4 días. El total de metros de la vuelta es de 567.345 metros. ¿Cuántos metros le faltan por recorrer?,Combinación
Laura colecciona sellos. Tiene 568 sellos de España y 294 de otros países. ¿Cuántos sellos tiene en total?,Combinación
"Lorenzo tiene 6 años, su madre tiene 34 años y su padre 35 años. ¿Cuántos años suman entre los tres?",Combinación
"Los ladrillos para construir edificios se hacen con arcilla. Para construir un edificio, los albañiles tienen que poner 542.300 ladrillos en total. Si ya han puesto 376.580, ¿cuántos ladrillos quedan por colocar?",Combinación
"Luis bebe a la semana 15 litros de agua y 7 litros de leche, y Olga 14 litros de agua y 8 litros de leche. ¿Qué cantidad de agua beben entre los dos?",Combinación
"Luisa tiene 12 bombones contando los rellenos y los normales. Si tiene 10
rellenos, ¿cuántos bombones normales tiene Luisa?",Combinación
"Luisa tiene 12 bombones rellenos y 5 normales. ¿Cuántos bombones tiene Luisa
en total?",Combinación
"Marcos paga un bolígrafo con 1 euro. Si le devuelven 10 céntimos, ¿cuánto le ha costado el bolígrafo?",Cambio
Maria compra un rotulador que cuesta 2 euros y tenia 5 euros ¿Cuanto le devuelve el dependiente?,Cambio
María tenía 68 cromos. Si Juan le ha regalado 25 cromos a su prima María. ¿Cuántos cromos tiene ahora María?,Combinación
Mario ha vendido 74 helados y 10 limonadas ¿ Cuantas cosas ha vendido en total?,Combinación
Pablo tiene 8 películas de aventuras y 9 películas de dibujos animados. ¿Cuántas películas tiene Pablo?,Combinación
"Para hacer una macedonia de frutas mi padre y yo hemos cortado 43 trozos de manzana, 28 trozos de pera y 14 trozos de naranja. ¿Cuántos trozos de fruta hemos cortado en total?",Combinación
"Para pagar un cuaderno de 80 céntimos, Andrea entrega una moneda de un euro. ¿Cuánto le devuelven?",Combinación
"Paula pesa 35 kilos, Rubén 32 kilos y Lara pesa lo mismo que Rubén ¿Cuántos kilos pesan entre los tres?",Combinación
"Pedro y Juan juntan las canicas que tienen, si Pedro tiene 4
canicas y Juan tiene 5 canicas. ¿Cuántas canicas tienen entre
los dos?",Combinación
Pedro y su hermana tenían ahorrados 1.000 euros. Se han comprado un equipo de música que ha costado 354 euros. ¿Cuánto dinero les queda?,Combinación
Ramón ha plantado 782 lechugas y 263 acelgas. Se le secan 261 lechugas. ¿Cuántas lechugas le quedan en el huerto?,Combinación
Se organizó una yincana en el colegio en la que participaron 54 alumnos de 2º y 43 de 1º. ¿Cuántos alumnos participaron en total?,Combinación
"Sergio está construyendo un puzle de 90 piezas. Si ya ha juntado 49 piezas,
¿cuántas piezas le quedan por juntar?",Combinación
Si ahora tengo 9 años. ¿Cuántos tendré dentro de 14 años?,Combinación
"Si en el lado izquierdo del parque hay 2 árboles y en el lado
derecho hay 3, ¿cuántos árboles hay en total ?",Combinación
Tengo 5 peras y 6 manzanas. ¿Cuántas frutas tengo en total?,Combinación
Un agricultor recogió 500 kilos de patatas. Ya ha consumido 224 kilos. ¿Cuántos kilos de patatas le quedan?,Combinación
"Un árbol tiene 320 manzanas. Si se caen 35, ¿cuántas manzanas quedan?",Combinación
"Un comerciante compró un coche por 2000 e. Después de hacer algunas
reparaciones, lo vendió por 3500 e. ¿Cuánto obtuvo de beneficio?",Combinación
"Un depósito contiene 3.550 litros de agua, y otro 2.750 litros ¿Cuántos litros hay en los dos depósitos?",Combinación
"Un granjero tiene 133 ovejas, de las cuales 96 son blancas y el resto negras.
¿Cuántas ovejas negras tiene el granjero?",Combinación
Un pescadero tenía 30 merluzas y vendió 20. ¿Cuantos le quedaron?,Combinación
Un videoclub alquiló 47 películas por la mañana y 35 películas por la tarde. ¿Cuántas películas alquiló ese día?,Combinación
Una bolsa de patatas pesa 850 gramos. ¿Cuánto le falta para pesar un kilo?,Combinación
"Juan colecciona cromos de futbol. Tiene 465 de jugadores de temporadas anteriores y 182 de esta temporada. ¿Cuántos cromos tiene en
total?",Combinación
"Una piscina contiene 2343 litros de agua, y otra 1632 litros ¿Cuántos litros hay en las dos piscinas?",Combinación
"Julia quiere comprar un refresco de 32 céntimos, unas gominolas de 15
céntimos y una bolsa de patatas de 25 céntimos. ¿Cuánto tiene qué pagar?",Combinación
"Pedro llevó a la clase 15 colores y Sofía 32. Calcula ¿cuántos llevaron en
total?",Combinación
Carmen pesa 25 kilos y Miguel 28 kilos ¿Cuántos kilos pesan entre los dos?,Combinación
"Mi perro se come a la semana 8 kilos de carne y se bebe 15 litros de agua, y el
perro de mi amiga se come 9 kilos de carne y 14 litros de agua. ¿Qué cantidad de
agua beben entre los dos?",Combinación
"A una fiesta fueron 1608 mujeres y 2352
hombres. ¿Cuántas mujeres más deberán acudir para que haya el mismo número que de
hombres?",Combinación
"En el patio de recreo hay niños jugando. Al baloncesto juegan 42 niños y al
fútbol 56 niños. ¿Cuántos niños hay en el patio de recreo?",Combinación
"Pedro y Juan juntan los cromos que
tienen, si Pedro tiene 10 cromos y Juan
tiene 6 cromos. ¿Cuántas cromos tienen
entre los dos?",Combinación
A una fiesta acuden 1.200 hombres y 1.150 mujeres. ¿Cuántos hombres más deberán acudir para que haya 1.500 hombres?,Combinación
Pedro tiene 2 euros y 80 céntimos. ¿Cuánto le falta para pagar el libro qué cuesta 4 euros y 50 céntimos?,Combinación
"Sofia quiere comprar un refresco de 75 céntimos, una piruleta de 20 céntimos y una bolsa de pipas de 45 céntimos. ¿Cuánto tiene qué pagar?",Combinación
Antonio tiene 1154 euros y le han tocado 3000 euros en la lotería. ¿Cuántos euros tiene Antonio ahora?,Combinación
Antonio tiene una colección de 224 estampitas y su primo le da 14 más. ¿Cuántos estampitas tiene ahora la colección de Antonio?,Combinación
"Paola se está leyendo un libro de 400 páginas. Si ya lleva leídas 150
páginas, ¿cuántas páginas le quedan por leer?",Combinación
Pedro ha vendido 60 barras de pan de las 100 que tenía. ¿Cuántas le quedan por vender?,Combinación
Carlos llevó a la fiesta 12 caramelos y Sofía 23. Calcula ¿cuántos llevaron en total?,Combinación
"De los 105 adultos, 53 son hombres y el resto mujeres ¿ Cuantas mujeres hay en la piscina?",Combinación
"Después de un día de mercado, Antonio ha vendido 52 pimientos y 20 patatas. ¿Cuántos vegetales ha vendido?",Combinación
El cartero tenía 32 paquetes. Repartió 14 paquetes por la mañana. ¿Cuántos paquetes le quedan para repartir por la tarde?,Combinación
El gato de Laura pesaba 20 kilos y ha engordado 3 kilos ¿Cuánto pesa ahora?,Combinación
"En clase hay 20 alumnos; 6 están sentados y el resto de pié ¿ Cuántos niños
están de pié?",Combinación
En clase hay 60 alumnos; 40 son niños y el resto niñas ¿ Cuántas niñas hay?,Combinación
En el año 1.950 comenzaron ha construir un puente y lo terminaron en el año 1.982. ¿Cuántos años duraron las obras?,Combinación
"En el aula de Biologia de un colegio hay 120 arañas, 60 mariposas y 220 minerales. ¿Cuántos animales hay en total en el aula de Biologia?",Combinación
"En el colegio, se han apuntado 208 alumnos a clases extraescolares. 90 se han apuntado a tenis y el resto a fútbol ¿Cuántos alumnos se han
apuntado a fútbol?",Combinación
"En el gimnasio estaban 35 alumnos, pero 20 han salido al patio para jugar. ¿Cuántos alumnos quedan en el gimnasio?",Combinación
En el parking del supermercado hay 40 coches y si llegan 14 coches más . ¿Cuántos coches habrá ahora?,Cambio
"En el parque de atracciones, Pedro gastó 320 céntimos en la entrada, 215 céntimos en refrescos y 160 céntimos en chucherías. ¿Cuánto se gastó en total?",Combinación
En el rebaño del señor Juan hay 45 ovejas. Si 25 ovejas son negras. ¿Cuántas ovejas blancas hay?,Combinación
En la pastelería de mi pueblo se hicieron durante el año pasado 1.400 pasteles de chocolate y 3.500 de turron.¿Cuántos se hicieron en total?,Combinación
En el concurso Teresa consiguió 52 puntos y Pablo 30. ¿Cuántos puntos consiguieron entre los dos?,Combinación
"En un centro comercial, entre restaurantes y tiendas, hay 150 locales. Si 90
locales son tiendas, ¿cuántos locales son restaurantes?",Combinación
En un rebaño hay 20 ovejas y nacieron 5 corderitos. ¿Cuántos animales hay ahora en el rebaño?,Combinación
En un tren había 25 personas. Se bajaron 10 personas. ¿Cuántas personas quedaron en el tren?,Cambio
"En una caja de 38 bombones, 20 son de chocolate negro y el resto de chocolate blanco. ¿Cuántos bombones son de chocolate blanco?",Combinación
En una campaña de recogida de alimentos se han conseguido 2.250 cajas de arroz y 1.530 cajas de pasta. ¿Cuántas cajas se han conseguido en total?,Combinación
"En una carrera tomaron la salida 330 corredores. Si abandonaron 90, ¿cuántos corredores llegaron a la meta?",Combinación
En una fiesta de jubilación hay 70 invitados. Si se van 20 invitados. ¿Cuántos invitados quedan?,Cambio
En un club hay 105 adultos y 68 niños. ¿Cuantas personas hay en total?,Combinación
En una urbanización se han colocado 1.230 metros de cable para la luz. Para instalar toda la luz se necesitan 8.500 metros. ¿Cuántos metros de cable faltan por colocar?,Combinación
En una valla hay 14 tablas rosas y 15 tablas naranjas. ¿Cuántas tablas rosas y naranjas hay en total?,Combinación
"Entre mi hermano y yo le vamos a regalar a mi madre un perfume que
cuesta 43 euros. Si mi hermano pone 21 euros, ¿cuánto tengo que poner yo?",Combinación
Hay 4 chicos y 8 chicas en un mesa. ¿Cuántas personas hay en total?,Combinación
"He comprado un libro que costaba 20 euros. He pagado con un
billete de 30 euros. ¿Cuánto dinero me han devuelto?",Combinación
"Hemos recogido 70 pelotas de tenis en el gimnasio y las hemos guardado en una caja. Todas son rojas, menos 30 que son naranjas. ¿Cuántas pelotas rojas hay?",Combinación
"Jaime tiene 15 libros de misterio y 18 de aventuras. ¿Cuántos libros tiene
en total?",Combinación
"Jorge salió de casa con 20 canicas. Ganó 3 canicas en el colegio. ¿Cuántas
canicas tenía cuando volvió a casa?",Cambio
"Jorge salió de casa con algunas canicas. Perdió 5 en el colegio. Volvió a casa
con 12. ¿Cuántas canicas tenía al principio?",Cambio
Jorge tiene 17 años. ¿Qué edad tendrá dentro de 15 años?,Cambio
"Julia tiene que hacer 30 ejercicios de lengua y matemáticas para la
semana que viene. De esos ejercicios, 15 son de lengua. ¿Cuántos ejercicios son de matemáticas?",Combinación
La clase de 5º ha contado las gafas de los alumnos del colegio. Había 20 gafas azules y 5 negras. ¿Cuántas gafas hay en total?,Combinación
"La clase de 7º realiza una excursión a Salamanca, si en el autocar viajan 50 niños y niñas. ¿Cuántos niños hay si viajan 20 niñas?",Combinación
La vuelta ciclista a la comarca ha recorrido 52.000 metros y dura 4 días. El total de metros de la vuelta es de 600.000 metros. ¿Cuántos metros le faltan por recorrer?,Combinación
Marta colecciona sellos. Tiene 800 sellos de España y 300 de otros países. ¿Cuántos sellos tiene en total?,Combinación
"Lorenzo tiene 16 años, su madre tiene 54 años y su padre 55 años. ¿Cuántos años suman entre los tres?",Combinación
"Los ladrillos para construir edificios se hacen con arcilla. Para construir un edificio, los albañiles tienen que poner 541.200 ladrillos en total. Si ya han puesto 370.000, ¿cuántos ladrillos quedan por colocar?",Combinación
"Pepe bebe a la semana 3 litros de agua y 7 litros de leche, y Susana 10 litros de agua y 4 litros de leche. ¿Qué cantidad de agua beben entre los dos?",Combinación
"Paloma tiene 20 bombones contando los rellenos y los normales. Si tiene 10
rellenos, ¿cuántos bombones normales tiene Paloma?",Combinación
"Diego paga un lapiz con 1 euro. Si le devuelven 30 céntimos, ¿cuánto le ha costado el lapiz?",Cambio
Maria compra un rotulador que cuesta 1 euros y tenia 3 euros ¿Cuanto le devuelve el dependiente?,Cambio
Cloe tenía 68 cromos. Si Juan le ha regalado 25 cromos a su prima Cloe. ¿Cuántos cromos tiene ahora Cloe?,Combinación
Juan ha vendido 54 granizadas y 20 botellas de agua ¿ Cuantas cosas ha vendido en total?,Combinación
Pablo tiene 18 películas de aventuras y 19 películas de dibujos animados. ¿Cuántas películas tiene Pablo?,Combinación
"Para hacer una macedonia de frutas mi padre y yo hemos cortado 40 trozos de manzana, 22 trozos de pera y 10 trozos de naranja. ¿Cuántos trozos de fruta hemos cortado en total?",Combinación
"Para pagar un cuaderno de 70 céntimos, Rebeca entrega una moneda de un euro. ¿Cuánto le devuelven?",Cambio
"Juliana pesa 60 kilos, Julián 52 kilos y Lara pesa lo mismo que Julián ¿Cuántos kilos pesan entre los tres?",Combinación
"Jesús y Pablo juntan las canicas que tienen, si Jesús tiene 14
canicas y Pablo tiene 15 canicas. ¿Cuántas canicas tienen entre
los dos?",Combinación
Jesús y su hermana tenían ahorrados 2.000 euros. Se han comprado un equipo de música que ha costado 200 euros. ¿Cuánto dinero les queda?,Combinación
Ramón ha plantado 800 tomates y 263 espinacas. Se le secan 250 tomates. ¿Cuántas tomates le quedan en el huerto?,Combinación
Se organizó una yincana en el colegio en la que participaron 50 alumnos de 2º y 40 de 1º. ¿Cuántos alumnos participaron en total?,Combinación
"Sergio está construyendo un puzle de 100 piezas. Si ya ha juntado 30 piezas,
¿cuántas piezas le quedan por juntar?",Combinación
Si ahora tengo 19 años. ¿Cuántos tendré dentro de 14 años?,Cambio
"Si en el lado izquierdo del parque hay 3 árboles y en el lado
derecho hay 4, ¿cuántos árboles hay en total ?",Combinación
Tengo 15 melocotones y 16 naranjas. ¿Cuántas frutas tengo en total?,Combinación
"Un árbol tiene 300 naranjas. Si se caen 25, ¿cuántas naranjas quedan?",Combinación
Un agricultor recogió 600 kilos de calabazas. Ya ha consumido 200 kilos. ¿Cuántos kilos de calabazas le quedan?,Combinación
"Un comerciante compró un coche por 4000 e. Después de hacer algunas
reparaciones, lo vendió por 4500 e. ¿Cuánto obtuvo de beneficio?",Combinación
"Un depósito contiene 4,000 litros de gasoil, y otro 3,000 litros ¿Cuántos litros hay en los dos depósitos?",Combinación
"Un granjero tiene 150 ovejas, de las cuales 50 son blancas y el resto negras.
¿Cuántas ovejas negras tiene el granjero?",Combinación
Un pescadero tenía 40 rapes y vendió 10. ¿Cuantos le quedaron?,Combinación
Un trozo de queso pesa 315 gramos. ¿Cuánto le falta para pesar tres cuartos de kilo?,Cambio
Un videoclub alquiló 37 películas por la mañana y 10 películas por la tarde. ¿Cuántas películas alquiló ese día?,Combinación
Una bolsa de calabazas pesa 900 gramos. ¿Cuánto le falta para pesar un kilo?,Combinación
"Pablo colecciona cromos de futbol. Tiene 420 de jugadores de temporadas anteriores y 120 de esta temporada. ¿Cuántos cromos tiene en
total?",Combinación
"Un tanque contiene 2500 litros de gasoil, y otro 1600 litros ¿Cuántos litros hay en los tanques?",Combinación
"Julia quiere comprar un refresco de 90 céntimos, unas gominolas de 30
céntimos y una bolsa de chicles de 25 céntimos. ¿Cuánto tiene qué pagar?",Combinación
"Jesús llevó a la clase 10 bolsas de regalo y Sofía 12. Calcula ¿cuántos llevaron en
total?",Combinación
Carmen pesa 65 kilos y Miguel 18 kilos ¿Cuántos kilos pesan entre los dos?,Combinación
"Mi perro se come a la semana 3 kilos de carne y se bebe 10 litros de leche y el
perro de mi amiga se come 2 kilos de carne y 12 litros de leche. ¿Qué cantidad de
leche beben entre los dos?",Combinación
"A un evento fueron 1300 mujeres y 2200
hombres. ¿Cuántas mujeres más deberán acudir para que haya el mismo número que de
hombres?",Combinación
"En el patio de recreo hay niños jugando al beisbol juegan 32 niños y al
fútbol 50 niños. ¿Cuántos niños hay en el patio de recreo?",Combinación
"El autobús que va a Sevilla van 56 pasajeros, y en el autobús que va a Jaén
ven 23 pasajeros. ¿Cuántos pasajeros más deberán subirse en el autobús de Jaén para
igualar al de Sevilla?",Igualación
"Enrique recorre en bicicleta 128 kilómetros y si Manuel recorre 22
kilómetros más, hará la misma distancia que Enrique. ¿Cuántos kilómetros ha recorrido
Manuel hasta ahora?",Igualación
"María ha corrido en una hora 6450 metros. Si hubiese corrido
172metros más, habría corrido la misma cantidad que Álvaro. ¿Cuántos
metros corrió Álvaro?",Igualación
A la clase de 4ºA van 33 alumnos y a la de 4ºB 29 alumnos. ¿Cuantos alumnos más tienen que ir a la clase de 4ºB para que haya los mismos que en 4ºA?,Igualación
"A ver un partido de baloncesto fueron la semana pasada 6235 
espectadores. Si esta semana entran 200 personas más se igualará a la semana pasada. ¿Cuántos espectadores hay esta semana viendo el partido de baloncesto?",Igualación
"Antonio ha recorrido 28 kilometros en bicleta, y su hermano Pablo 16km. ¿Cuántos kilometros más tendra que recorrer Pablo para hacer los mismos kilometros que su hermano?",Igualación
"Antonio tiene 23 euros. Si su hermano Javier gastará 7 euros, tendría los mismos que Antonio. ¿Cuántos euros tiene Javier?",Igualación
"Bruno tiene 384 cromos. Si Javier consiguiese 118 más, tendría igual cantidad que Bruno. ¿Cuántos cromos tiene Javier?",Igualación
En casa de mi abuela hay 10 paquetes de garbanzos y 5 de lentejas. ¿Cuantos necesita comprar mi abuela para tener el mismo número de ambos?,Igualación
"En el campo de futbol hay 14000 asientos para espectadores, si hubiera 2900 asientos menos, habría los mismos que en la cancha de balon- cesto. ¿Cuántos asientos hay en la cancha de baloncesto?",Igualación
"En el concesionario A hay 128 coches. Si en el concesionario B vendieran 119 coches, habría los mismos coches en ambos concesionarios. ¿Cuántos coches hay en el concesionario B?",Igualación
"En el estuche de Paula hay 13 lapices de colores. Si Ruben metiera 4 lapices más en su estuche, tendría los mismo que Paula. ¿Cuántos lápices tiene Rubén en su estuche?",Igualación
"En el parking del centro comercial hay 119 coches aparcados. Si en el parking del supermercado aparcan 57 coches más, habrá los mismos coches aparcados que en el parking del centro comercial. ¿Cuántos coches hay aparcados en el parking del supermercado?",Igualación
"En el patio del colegio hay 148 niños jugando. Si hubiera 155 niños más, habría tantos como en las clases. ¿Cuántos niños hay en las clases?",Igualación
"En la biblioteca del colegio hay 327 libros. Si en la biblioteca del ayuntamiento se perdieran 169 libros, habría la misma cantidad de libros que en la biblioteca del colegio. ¿Cuántos libros hay en la biblioteca del ayuntamiento?",Igualación
En la caja de ceras de Mario hay 17 colores y si María pone 3 colores más en su caja tendrá los mismos que Mario. ¿Cuántos colores hay en la caja de María?.,Igualación
"En la frutería hay 55 manzanas. Si vendieran 34 peras, habría la misma cantidad de peras que de manzanas. ¿Cuántas peras hay en la frutería?",Igualación
En la protectora de animales hay 55 perros y 28 gatos.¿Cuantos perros tienen que adoptar para que haya el mismo número de perros que de gatos?,Igualación
"En los cajones de José hay 22 camisetas. Si metemos 8 camisetas en los cajones de Luisa, tendrá las mismas que José. ¿Cuántas camisetas hay en los cajones de Luisa?",Igualación
"En un camión hay 4522 de manzanas. Si metemos 146 kilos más en un camión cargado de peras, tendrán los dos camiones la misma cantidad. ¿Cuántos kilos tenía el camión cargado de peras?",Igualación
"En un jardín hay 58 rosales. Si plantamos 22 más, habría igual número que de margaritas. ¿Cuántas margaritas hay en el jardín?",Igualación
"En un partido de baloncesto Pablo anota 47 puntos y Miguel 32
puntos. ¿Cuántos puntos más tendrá que encestar Miguel para igualar a Pablo?",Igualación
En un sorteo Pablo saca 9 bolas y Susana 3. ¿Cuántas bolas más tendrá que sacar Susana para tener igual número que Pablo?,Igualación
En una calle hay aparcados 372. Si se van 101 o quedarán tantos como en la plaza. ¿Cuántos coches hay aparcados en la plaza?,Igualación
En una fábrica hay 20 camiones y 15 coches. ¿Cuantos coches más debería haber para que haya el mismo número de camiones?,Igualación
"En una fabrica hay 50 coches, si se venden 30 coches habria tantos como camiones. ¿Cuantos camiones hay?",Igualación
"En una granja hay 252 gallinas. Si se venden 22, habría tantas como patos. ¿Cuántos patos hay en la granja?",Igualación
"En una pastelería hay 500 bombones. Si se venden 250 bombones, quedará igual número que de pasteles. ¿Cuántos pasteles hay en la pastelería?",Igualación
"En una pastelería hay 682 pastelitos de nata y 430
de chocolate. ¿Cuántos pastelitos de nata tendrán que vender para que haya los mismos que
de chocolate?.",Igualación
En una tienda hay 22 boligrafos. Si se venden 10 habría tantos como lápices. ¿Cuantos lápices hay?,Igualación
En una tienda hay 50 boligrafos azules y 30 rojos. ¿Cuantos bolis rojos necesitaria comprar el dueño para tener la misma cantidad?,Igualación
En una tómbola Juan consigue 279 puntos y Laura 126 puntos. Para conseguir una muñeca se necesitan 1.534 puntos. ¿Cuántos puntos más tendrá que conseguir Laura para tener igual número de puntos que Juan?,Igualación
"Francisco recorre en bicicleta 28 kilómetros y Sara 22 kilómetros. ¿Cuántos
kilómetros más tendrá que recorrer Sara para haber recorrido igual número que Francisco?",Igualación
"Hay 88 personas sacando entrada para el cine. Si sacasen entrada 25 personas más, habría tantas como para el teatro. ¿Cuántas personas hay sacando entradas para el teatro?",Igualación
"He ahorrado 430 euros, si gasto 240 tendré los mismos euros que mi hermano Pedro. ¿Cuántos euros tiene mi hermano Pedro?",Igualación
"Jorge tiene 29 canicas. Si Julia gana 13 canicas, tendrá tantas como Jorge. ¿Cuántas canicas
tiene Julia?",Igualación
Julia tiene 10 euros y Ricardo 6. ¿cunatos euros le tienen que dar a Ricardo para que tenga los mismo que Julia?,Igualación
"La biblioteca del colegio tiene 490 libros, si los alumnos de colegio sacan 60 libros habrá tantos como tebeos. ¿Cuántos tebeos hay en la biblioteca?",Igualación
La casa de Aurora tiene 15 ventanas; mi casa tiene 9. ¿Cuántas ventanas más debería haber en mi casa para que tuviera las mismas que la de Aurora?,Igualación
La pastelera ha puesto en el mostrador 60 tartas de chocolates y 45 de fresa. ¿Cuántas tartas de chocholate se tienen que vender para que haya las mismas que de fresa?,Igualación
"Lara ha camidado hoy durante 86 minutos. Si Pedro camina 28 minutos más, caminará el mismo tiempo que Lara.¿Cuántos minutos ha caminado Pedro?",Igualación
Lidia recorre en bicicleta 32 km. y Sonia 27 km. ¿Cuántos km más tendrá que recorrer Sonia para haber recorrido igual número que Lidia? .,Igualación
"Los pantalones de una tienda valen 30 euros, si se rebajan 7 euros costarán lo mismo que las camisas. ¿Cuánto cuestan las camisas?",Igualación
Lucas tiene en su hucha 279 euros y María 125 euros. ¿Cuántos euros más tendrá que ahorrar María para tener los mismos que Lucas?,Igualación
Mama ha sacado 30 euros del banco y papá ha sacado 20. ¿Cuantos euros más tiene que sacar papá para tener el mismo dinero que mamá?,Igualación
Marcos tiene 8 euros. Raquel tiene 5 euros. ¿Cuántos euros le tienen que dar a Raquel para que tenga los mismos que Marcos?,Igualación
"María tiene 6 canicas y Lucas tiene 4. ¿Cuántas canicas debe ganar Lucas
para tener tantas como María?",Igualación
Mario tiene 252 cromos y Nicolás 41. ¿Cuántos cromos tendrá que prestar Mario para tener igual número que Nicolás?,Igualación
"Mario tiene 8 euros. Si le dieran 5 euros más, tendría los mismos que tiene Rafael. ¿Cuántos euros tiene Rafael?”.",Igualación
Matías tiene 35 euros y su hermano pequeño le han dado 17 euros más para que tenga los mismos que Matías. ¿Cuántos euros tenía el hermano de Matías?,Igualación
Mi madre tiene 84 metros de tela roja y 59 metros de tela azul.¿Cuántos metros de tela roja tiene que cortar para tener los mismos que de tela azul?,Igualación
Miguel tiene en su estuche 15 rotuladores y su compañero Carlos tiene 7 rotuladores. ¿Cuántos rotuladores más tendrá que comprar Carlos para tener los mismos que Miguel?,Igualación
"Pablo recorre en bicicleta 23 kilómetros y Manolo 18 kilómetros. ¿Cuántos
kilómetros más deberá recorre Manolo para hacer los mismo que Pablo?",Igualación
"Patricia se encuentra a 236 kilómetros de Madrid. Si Lola recorre 77 kilómetros, estará a la misma distancia de Madrid que Patricia. ¿ A cuántos kilómetros se encuentra Lola de Madrid?",Igualación
"Remedios tiene 29 cromos y Ramón tiene 16cromos. ¿Cuántos cromos
más le faltan a Ramón para tener los mismos que Remedios?",Igualación
"Sabemos que Lucas tiene 17 canicas. Si Lucas perdiera 8 tendría tantas
como María. ¿Cuántas canicas tiene María?",Igualación
"Sara tiene 46 euros y a su hermano le han dado 22 más para que
tenga los mismos que Sara. ¿Cuántos euros tiene el hermano de Sara?",Igualación
Se han apuntado 33 alumnos a las clases extraescolares de fútbol y 16 alumnos a las clases de tenis.¿Cuántos alumnos se tiene que borrar de las clases de fútbol para que haya los mismos que en las clases de tenis?,Igualación
"Si para ver una película hay 535 persona y en la sala de solamente
caben 350. ¿Cuántas personas se quedarán sin poder entrar en al sala?",Igualación
"Tengo ahorrado 430 euros, si ahorrará 32 euros más tendría
para comprarme una bicicleta de montaña. ¿Cuánto vale la bicicleta de montaña?",Igualación
Tere tiene 17 caramelos y su amiga Paula 12.¿Cuántos caramelos tendrá que comer Tere para tener los mismo que Paula?,Igualación
"Un agricultor tiene 6490 kilos de patatas y en su remolque caben
5530 kilos. ¿Cuántos kilos de patata no podrá cargar en el remolque?",Igualación
"Un albañil trabaja 12 horas cada día, si el carpintero trabajara 2 horas más, trabajaría
las mismas horas que el albañil. ¿Cuántas horas trabaja el?",Igualación
Un albañil trabaja doce horas cada día y un carpintero ocho horas. ¿Cuántas horas más tendrá que trabajar el carpintero para trabajar igual número que el albañil?,Igualación
"Un camión transporta 2000 tonelas de tomates, si transportara 1200 tonelada menos, llevaría lo mismo que una camioneta. ¿Cuántos tomates transporta la camioneta?",Igualación
"Un camión transporta 25300 kilos de cemento, si llevara 2530 kilos más estaría lleno. ¿Cuántos kilos de cemento le caben al camión
lleno?.",Igualación
Un camión transporta 6693 kilos de patatas y 683 kilos de cebollas. ¿Cuántos kilos de cebollas más debe transportar para llevar los mismos que de patatas?,Igualación
Un fontanero tiene 522 metros de tubería y necesita 422 para instalarlos en un edificio. ¿Cuántos metros le sobrarán al fontanero?,Igualación
"Un fontanero trabaja 12 horas cada día y un carpintero 8 horas. ¿Cuántas horas más
tendrá que trabajar el carpintero para trabajar igual número que el fontanero?",Igualación
"Un juego de ordenador cuesta 55 euros, si tengo cartera 43
euros. ¿Cuántos euros más necesito para comprar el juego?",Igualación
"Un panadero tiene en el horno 742 panes. Si metiese 45 más, habría tanto pan como en el mostrador. ¿Cuántas panes hay en el mos mostrador?",Igualación
"Un panadero tiene que repartir 430 barras de pan. Si reparte 203, le quedaran tantas barras de pan como a su compañero Luis. ¿Cuán- tas barras de pan tiene su compañero Luis?",Igualación
"Un panadero vende 121 roscas de pan, si vende 19 barras de pan más,
habrá vendido la misma cantidad que de roscas. ¿Cuántas barras de pan tenía?",Igualación
"Una caja de manzanas pesa 52 kilogramos y otra caja de peras pesa 48 kilogramos. ¿Cuántos kilogramos de manzanas debemos sacar para que pesen las
dos cajas iguales? .",Igualación
"Una manada de 293 cebras están bebiendo en el lado derecho de un
rio y en el izquierdo hay 104 cebras. ¿Cuántas cebras deberán cruzar el rio para
que haya la misma cantidad en los dos lados?",Igualación
"Una torre, que mide 8 metros de alta, tiene 456 ladrillos y
otra torre 345 ladrillos. ¿Cuántas ladrillos de la primera torre tendremos que quitar para que sean igual de altas?",Igualación
"El autobús que va a Malaga van 60 pasajeros, y en el autobús que va a Murcia
ven 30 pasajeros. ¿Cuántos pasajeros más deberán subirse en el autobús de Murcia para
igualar al de Malaga?",Igualación
"Javier recorre en moto 128 kilómetros y si Jose recorre 22
kilómetros más, hará la misma distancia que Javier. ¿Cuántos kilómetros ha recorrido
Jose hasta ahora?",Igualación
"Laura ha corrido en una hora 5000 metros. Si hubiese corrido
120 metros más, habría corrido la misma cantidad que Hugo. ¿Cuántos
metros corrió Hugo?",Igualación
A la clase de 4ºA van 20 alumnos y a la de 4ºB 25 alumnos. ¿Cuantos alumnos más tienen que ir a la clase de 4ºB para que haya los mismos que en 4ºA?,Igualación
"A ver un partido de tenis fueron la semana pasada 6800
espectadores. Si esta semana entran 200 personas más se igualará a la semana pasada. ¿Cuántos espectadores hay esta semana viendo el partido de tenis?",Igualación
"Antonio tiene 30 euros. Si su hermano Javier gastará 10 euros, tendría los mismos que Antonio. ¿Cuántos euros tiene Javier?",Igualación
"Bruno tiene 320 sellos. Si Javier consiguiese 140
más, tendría igual cantidad que Bruno. ¿Cuántos sellos tiene Javier?",Igualación
En casa de mi abuela hay 12 paquetes de habichuelas y 5 de lentejas. ¿Cuantos necesita comprar mi abuela para tener el mismo número de ambos?,Igualación
"En el campo de futbol hay 12000 asientos para espectadores, si hubiera 2300 asientos menos, habría los mismos que en la cancha de tenis. ¿Cuántos asientos hay en la cancha de tenis?",Igualación
"En el concesionario A hay 150 coches. Si en el concesionario B vendieran 100 coches, habría los mismos coches en ambos concesionarios. ¿Cuántos coches hay en el concesionario B?",Igualación
"En el estuche de Paula hay 30 subrayadores de colores. Si Ruben metiera 12 subrayadores más en su estuche, tendría los mismo que Paula. ¿Cuántos subrayadores tiene Rubén en su estuche?",Igualación
"En el parking del centro comercial hay 150 coches aparcados. Si en el parking del supermercado aparcan 60 coches más, habrá los mismos coches aparcados que en el parking del centro comercial. ¿Cuántos coches hay aparcados en el parking del supermercado?",Igualación
"En el patio del colegio hay 170 niños jugando. Si hubiera 120 niños más, habría tantos como en las clases. ¿Cuántos niños hay en las clases?",Igualación
"En la biblioteca del colegio hay 340 libros. Si en la biblioteca del ayuntamiento se perdieran 170 libros, habría la misma cantidad de libros que en la biblioteca del colegio. ¿Cuántos libros hay en la biblioteca del ayuntamiento?",Igualación
En la caja de ceras de Joaquin hay 20 colores y si Laura pone 2 colores más en su caja tendrá los mismos que Joaquin. ¿Cuántos colores hay en la caja de Laura?.,Igualación
"En la frutería hay 45 manzanas. Si vendieran 24 peras, habría la misma cantidad de peras que de manzanas. ¿Cuántas peras hay en la frutería?",Igualación
En la protectora de animales hay 60 perros y 30 gatos.¿Cuantos perros tienen que adoptar para que haya el mismo número de perros que de gatos?,Igualación
"En los cajones de José hay 30 camisas. Si metemos 10 camisas en los cajones de Luisa, tendrá las mismas que José. ¿Cuántas camisas hay en los cajones de Luisa?",Igualación
"En un camión hay 4700 de manzanas. Si metemos 130 kilos más en un camión cargado de peras, tendrán los dos camiones la misma cantidad. ¿Cuántos kilos tenía el camión cargado de peras?",Igualación
"En un jardín hay 60 rosales. Si plantamos 30 más, habría igual número que de margaritas. ¿Cuántas margaritas hay en el jardín?",Igualación
"En un partido de tenus Pablo anota 47 puntos y Miguel 32
puntos. ¿Cuántos puntos más tendrá que encestar Miguel para igualar a Pablo?",Igualación
En un sorteo Pablo saca 10 bolas y Susana 2. ¿Cuántas bolas más tendrá que sacar Susana para tener igual número que Pablo?,Igualación
En una calle hay aparcados 330. Si se van 120 o quedarán tantos como en la plaza. ¿Cuántos coches hay aparcados en la plaza?,Igualación
En un garaje hay 40 camiones y 25 coches. ¿Cuantos coches más debería haber para que haya el mismo número de camiones?,Igualación
"En una fabrica hay 60 coches, si se venden 40 coches habria tantos como camiones. ¿Cuantos camiones hay?",Igualación
"En una granja hay 230 gallos. Si se venden 30, habría tantas como patos. ¿Cuántos patos hay en la granja?",Igualación
"En una pastelería hay 200 croissants. Si se venden 50 croissants, quedará igual número que de cañas. ¿Cuántos cañas hay en la pastelería?",Igualación
"En una pastelería hay 620 pastelitos de crema y 400
de turron. ¿Cuántos pastelitos de crema tendrán que vender para que haya los mismos que
de turron?.",Igualación
En una tienda hay 42 rotuladores. Si se venden 12 habría tantos como lápices. ¿Cuantos lápices hay?,Igualación
En una tienda hay 60 rotuladores verdes y 40 negros. ¿Cuantos rotuladores verdes necesitaria comprar el dueño para tener la misma cantidad?,Igualación
En una tómbola Juan consigue 280 puntos y Laura 120 puntos. Para conseguir una muñeca se necesitan 1.534 puntos. ¿Cuántos puntos más tendrá que conseguir Laura para tener igual número de puntos que Juan?,Igualación
"Francisco recorre en moto 38 kilómetros y Sara 32 kilómetros. ¿Cuántos
kilómetros más tendrá que recorrer Sara para haber recorrido igual número que Francisco?",Igualación
"Hay 88 personas sacando entrada para el cine. Si sacasen entrada 35 personas más, habría tantas como para el teatro. ¿Cuántas personas hay sacando entradas para el teatro?",Igualación
"He ahorrado 500 euros, si gasto 210 tendré los mismos euros que mi hermano Pedro. ¿Cuántos euros tiene mi hermano Pedro?",Igualación
"Jorge tiene 39 canicas. Si Julia gana 10 canicas, tendrá tantas como Jorge. ¿Cuántas canicas
tiene Julia?",Igualación
Julia tiene 30 euros y Ricardo 7. ¿cunatos euros le tienen que dar a Ricardo para que tenga los mismo que Julia?,Igualación
"La biblioteca del colegio tiene 380 libros, si los alumnos de colegio sacan 40 libros habrá tantos como comics ¿Cuántos comics hay en la biblioteca?",Igualación
La casa de Aurora tiene 10 puertas; mi casa tiene 2. ¿Cuántas puertas más debería haber en mi casa para que tuviera las mismas que la de Aurora?,Igualación
La pastelera ha puesto en el mostrador 60 tartas de pistacho y 45 de limón. ¿Cuántas tartas de pistacho se tienen que vender para que haya las mismas que de limón?,Igualación
"Lara ha camidado hoy durante 90 minutos. Si Pedro camina 22 minutos más, caminará el mismo tiempo que Lara.¿Cuántos minutos ha caminado Pedro?",Igualación
Lidia recorre en moto 40 km. y Sonia 37 km. ¿Cuántos km más tendrá que recorrer Sonia para haber recorrido igual número que Lidia? .,Igualación
"Las camisetas de una tienda valen 10 euros, si se rebajan 2 euros costarán lo mismo que los pañuelos ¿Cuánto cuestan los pañuelos?",Igualación
Pedro tiene en su hucha 230 euros y Laura 100 euros. ¿Cuántos euros más tendrá que ahorrar Laura para tener los mismos que Pedro?,Igualación
Mama ha sacado 20 euros del banco y papá ha sacado 10. ¿Cuantos euros más tiene que sacar papá para tener el mismo dinero que mamá?,Igualación
Marcos tiene 18 euros. Raquel tiene 15 euros. ¿Cuántos euros le tienen que dar a Raquel para que tenga los mismos que Marcos?,Igualación
"Laura tiene 16 canicas y Lucas tiene 14. ¿Cuántas canicas debe ganar Lucas
para tener tantas como Laura?",Igualación
Joaquin tiene 200 cromos y Nicolás 101. ¿Cuántos cromos tendrá que prestar Joaquin para tener igual número que Nicolás?,Igualación
"Joaquin tiene 18 euros. Si le dieran 5 euros más, tendría los mismos que tiene Rafael. ¿Cuántos euros tiene Rafael?”.",Igualación
Matías tiene 40 euros y su hermano pequeño le han dado 10 euros más para que tenga los mismos que Matías. ¿Cuántos euros tenía el hermano de Matías?,Igualación
Mi madre tiene 90 metros de tela naranja y 20 metros de tela roja.¿Cuántos metros de tela naranja tiene que cortar para tener los mismos que de tela roja?,Igualación
"Pablo recorre en moto 33 kilómetros y Manolo 28 kilómetros. ¿Cuántos
kilómetros más deberá recorre Manolo para hacer los mismo que Pablo?",Igualación
"Patricia se encuentra a 240 kilómetros de Malaga. Si Lola recorre 30 kilómetros, estará a la misma distancia de Malaga que Patricia. ¿ A cuántos kilómetros se encuentra Lola de Malaga?",Igualación
"Remedios tiene 40 cromos y Ramón tiene 22 cromos. ¿Cuántos cromos
más le faltan a Ramón para tener los mismos que Remedios?",Igualación
"Sabemos que Lucas tiene 30 canicas. Si Lucas perdiera 15 tendría tantas
como Laura. ¿Cuántas canicas tiene Laura?",Igualación
"Sara tiene 60 euros y a su hermano le han dado 15 más para que
tenga los mismos que Sara. ¿Cuántos euros tiene el hermano de Sara?",Igualación
Se han apuntado 40 alumnos a las clases extraescolares de fútbol y 10 alumnos a las clases de tenis.¿Cuántos alumnos se tiene que borrar de las clases de fútbol para que haya los mismos que en las clases de tenis?,Igualación
"Si para ver una película hay 600 persona y en la sala de solamente
caben 320. ¿Cuántas personas se quedarán sin poder entrar en al sala?",Igualación
"Tengo ahorrado 4500 euros, si ahorrará 1000 euros más tendría
para comprarme una moto de montaña. ¿Cuánto vale la moto de montaña?",Igualación
Tere tiene 20 chicles y su amiga Paula 10.¿Cuántos chicles tendrá que comer Tere para tener los mismo que Paula?,Igualación
"Un agricultor tiene 7000 kilos de patatas y en su remolque caben
6000 kilos. ¿Cuántos kilos de patata no podrá cargar en el remolque?",Igualación
"Un albañil trabaja 8 horas cada día, si el carpintero trabajara 2 horas más, trabajaría
las mismas horas que el albañil. ¿Cuántas horas trabaja el?",Igualación
Un albañil trabaja 10 horas cada día y un carpintero 6 horas. ¿Cuántas horas más tendrá que trabajar el carpintero para trabajar igual número que el albañil?,Igualación
"Un camión transporta 3000 tonelas de, si transportara 2200 tonelada menos, llevaría lo mismo que una camioneta. ¿Cuántos tomates transporta la camioneta?",Igualación
"Un camión transporta 3000 kilos de cemento, si llevara 250 kilos más estaría lleno. ¿Cuántos kilos de cemento le caben al camión
lleno?.",Igualación
Un camión transporta 6000 kilos de patatas y 600 kilos de cebollas. ¿Cuántos kilos de cebollas más debe transportar para llevar los mismos que de patatas?,Igualación
Un fontanero tiene 530 metros de tubería y necesita 600 para instalarlos en un edificio. ¿Cuántos metros le sobrarán al fontanero?,Igualación
"Un fontanero trabaja 10 horas cada día y un carpintero 6 horas. ¿Cuántas horas más
tendrá que trabajar el carpintero para trabajar igual número que el fontanero?",Igualación
"Un juego de mesa cuesta 60 euros, si tengo cartera 45
euros. ¿Cuántos euros más necesito para comprar el juego?",Igualación
"Un panadero tiene en el horno 760 panes. Si metiese 50 más, habría tanto pan como en el mostrador. ¿Cuántas panes hay en el mos mostrador?",Igualación
"Un panadero tiene que repartir 450 barras de pan. Si reparte 213, le quedaran tantas barras de pan como a su compañero Luis. ¿Cuán- tas barras de pan tiene su compañero Luis?",Igualación
"Un panadero vende 131 roscas de pan, si vende 20 barras de pan más,
habrá vendido la misma cantidad que de roscas. ¿Cuántas barras de pan tenía?",Igualación
"Una caja de manzanas pesa 62 kilogramos y otra caja de peras pesa 58 kilogramos. ¿Cuántos kilogramos de manzanas debemos sacar para que pesen las
dos cajas iguales? .",Igualación
"Una manada de 300 cebras están bebiendo en el lado derecho de un
rio y en el izquierdo hay 130 cebras. ¿Cuántas cebras deberán cruzar el rio para
que haya la misma cantidad en los dos lados?",Igualación
"Una torre, que mide 8 metros de alta, tiene 350 ladrillos y
otra torre 200 ladrillos. ¿Cuántas ladrillos de la primera torre tendremos que quitar para que sean igual de altas?",Igualación